date,score,phase,n_indicators
2017-01-03,14.25,1,10
2017-01-04,38.25,2,11
2017-01-05,38.25,2,11
2017-01-06,45.25,2,11
2017-01-09,45.25,2,11
2017-01-10,45.25,2,11
2017-01-11,41.25,2,11
2017-01-12,41.25,2,11
2017-01-13,33.25,2,11
2017-01-17,33.25,2,11
2017-01-18,33.25,2,11
2017-01-19,33.25,2,11
2017-01-20,33.25,2,11
2017-01-23,33.25,2,11
2017-01-24,33.25,2,11
2017-01-25,33.25,2,11
2017-01-26,33.25,2,11
2017-01-27,33.25,2,11
2017-01-30,33.25,2,11
2017-01-31,33.25,2,11
2017-02-01,26.25,2,11
2017-02-02,26.25,2,11
2017-02-03,26.25,2,11
2017-02-06,26.25,2,11
2017-02-07,26.25,2,11
2017-02-08,26.25,2,11
2017-02-09,26.25,2,11
2017-02-10,26.25,2,11
2017-02-13,26.25,2,11
2017-02-14,26.25,2,11
2017-02-15,26.25,2,11
2017-02-16,26.25,2,11
2017-02-17,26.25,2,11
2017-02-21,26.25,2,11
2017-02-22,26.25,2,11
2017-02-23,26.25,2,11
2017-02-24,26.25,2,11
2017-02-27,26.25,2,11
2017-02-28,26.25,2,11
2017-03-01,26.25,2,11
2017-03-02,26.25,2,11
2017-03-03,26.25,2,11
2017-03-06,26.25,2,11
2017-03-07,26.25,2,11
2017-03-08,26.25,2,11
2017-03-09,26.25,2,11
2017-03-10,26.25,2,11
2017-03-13,26.25,2,11
2017-03-14,26.25,2,11
2017-03-15,26.25,2,11
2017-03-16,26.25,2,11
2017-03-17,26.25,2,11
2017-03-20,33.25,2,11
2017-03-21,26.25,2,11
2017-03-22,33.25,2,11
2017-03-23,33.25,2,11
2017-03-24,33.25,2,11
2017-03-27,33.25,2,11
2017-03-28,33.25,2,11
2017-03-29,33.25,2,11
2017-03-30,33.25,2,11
2017-03-31,33.25,2,11
2017-04-03,26.25,2,11
2017-04-04,26.25,2,11
2017-04-05,26.25,2,11
2017-04-06,26.25,2,11
2017-04-07,26.25,2,11
2017-04-10,26.25,2,11
2017-04-11,26.25,2,11
2017-04-12,26.25,2,11
2017-04-13,26.25,2,11
2017-04-17,26.25,2,11
2017-04-18,26.25,2,11
2017-04-19,26.25,2,11
2017-04-20,26.25,2,11
2017-04-21,26.25,2,11
2017-04-24,26.25,2,11
2017-04-25,26.25,2,11
2017-04-26,26.25,2,11
2017-04-27,26.25,2,11
2017-04-28,26.25,2,11
2017-05-01,26.25,2,11
2017-05-02,26.25,2,11
2017-05-03,26.25,2,11
2017-05-04,26.25,2,11
2017-05-05,26.25,2,11
2017-05-08,26.25,2,11
2017-05-09,26.25,2,11
2017-05-10,26.25,2,11
2017-05-11,26.25,2,11
2017-05-12,26.25,2,11
2017-05-15,26.25,2,11
2017-05-16,26.25,2,11
2017-05-17,21.0,1,11
2017-05-18,21.0,1,11
2017-05-19,21.0,1,11
2017-05-22,21.0,1,11
2017-05-23,21.0,1,11
2017-05-24,21.0,1,11
2017-05-25,21.0,1,11
2017-05-26,21.0,1,11
2017-05-30,21.0,1,11
2017-05-31,21.0,1,11
2017-06-01,21.0,1,11
2017-06-02,21.0,1,11
2017-06-05,21.0,1,11
2017-06-06,21.0,1,11
2017-06-07,21.0,1,11
2017-06-08,21.0,1,11
2017-06-09,21.0,1,11
2017-06-12,21.0,1,11
2017-06-13,21.0,1,11
2017-06-14,28.0,2,11
2017-06-15,28.0,2,11
2017-06-16,21.0,1,11
2017-06-19,21.0,1,11
2017-06-20,21.0,1,11
2017-06-21,21.0,1,11
2017-06-22,21.0,1,11
2017-06-23,21.0,1,11
2017-06-26,28.0,2,11
2017-06-27,21.0,1,11
2017-06-28,21.0,1,11
2017-06-29,21.0,1,11
2017-06-30,28.0,2,11
2017-07-03,21.0,1,11
2017-07-05,21.0,1,11
2017-07-06,21.0,1,11
2017-07-07,21.0,1,11
2017-07-10,28.0,2,11
2017-07-11,33.25,2,11
2017-07-12,28.0,2,11
2017-07-13,28.0,2,11
2017-07-14,28.0,2,11
2017-07-17,28.0,2,11
2017-07-18,43.0,2,11
2017-07-19,43.0,2,11
2017-07-20,36.0,2,11
2017-07-21,36.0,2,11
2017-07-24,36.0,2,11
2017-07-25,36.0,2,11
2017-07-26,36.0,2,11
2017-07-27,36.0,2,11
2017-07-28,36.0,2,11
2017-07-31,36.0,2,11
2017-08-01,36.0,2,11
2017-08-02,36.0,2,11
2017-08-03,36.0,2,11
2017-08-04,36.0,2,11
2017-08-07,36.0,2,11
2017-08-08,36.0,2,11
2017-08-09,36.0,2,11
2017-08-10,36.0,2,11
2017-08-11,36.0,2,11
2017-08-14,36.0,2,11
2017-08-15,36.0,2,11
2017-08-16,36.0,2,11
2017-08-17,36.0,2,11
2017-08-18,36.0,2,11
2017-08-21,36.0,2,11
2017-08-22,36.0,2,11
2017-08-23,36.0,2,11
2017-08-24,36.0,2,11
2017-08-25,36.0,2,11
2017-08-28,36.0,2,11
2017-08-29,36.0,2,11
2017-08-30,36.0,2,11
2017-08-31,36.0,2,11
2017-09-01,36.0,2,11
2017-09-05,36.0,2,11
2017-09-06,36.0,2,11
2017-09-07,36.0,2,11
2017-09-08,36.0,2,11
2017-09-11,36.0,2,11
2017-09-12,43.0,2,11
2017-09-13,43.0,2,11
2017-09-14,51.0,2,11
2017-09-15,43.0,2,11
2017-09-18,43.0,2,11
2017-09-19,43.0,2,11
2017-09-20,43.0,2,11
2017-09-21,43.0,2,11
2017-09-22,43.0,2,11
2017-09-25,43.0,2,11
2017-09-26,43.0,2,11
2017-09-27,36.0,2,11
2017-09-28,36.0,2,11
2017-09-29,36.0,2,11
2017-10-02,36.0,2,11
2017-10-03,36.0,2,11
2017-10-04,36.0,2,11
2017-10-05,36.0,2,11
2017-10-06,36.0,2,11
2017-10-09,36.0,2,11
2017-10-10,36.0,2,11
2017-10-11,36.0,2,11
2017-10-12,36.0,2,11
2017-10-13,36.0,2,11
2017-10-16,36.0,2,11
2017-10-17,36.0,2,11
2017-10-18,36.0,2,11
2017-10-19,36.0,2,11
2017-10-20,36.0,2,11
2017-10-23,36.0,2,11
2017-10-24,36.0,2,11
2017-10-25,36.0,2,11
2017-10-26,36.0,2,11
2017-10-27,36.0,2,11
2017-10-30,36.0,2,11
2017-10-31,36.0,2,11
2017-11-01,36.0,2,11
2017-11-02,36.0,2,11
2017-11-03,36.0,2,11
2017-11-06,36.0,2,11
2017-11-07,36.0,2,11
2017-11-08,36.0,2,11
2017-11-09,36.0,2,11
2017-11-10,36.0,2,11
2017-11-13,36.0,2,11
2017-11-14,36.0,2,11
2017-11-15,36.0,2,11
2017-11-16,36.0,2,11
2017-11-17,36.0,2,11
2017-11-20,36.0,2,11
2017-11-21,36.0,2,11
2017-11-22,36.0,2,11
2017-11-24,36.0,2,11
2017-11-27,36.0,2,11
2017-11-28,36.0,2,11
2017-11-29,36.0,2,11
2017-11-30,36.0,2,11
2017-12-01,36.0,2,11
2017-12-04,36.0,2,11
2017-12-05,36.0,2,11
2017-12-06,36.0,2,11
2017-12-07,36.0,2,11
2017-12-08,36.0,2,11
2017-12-11,36.0,2,11
2017-12-12,36.0,2,11
2017-12-13,36.0,2,11
2017-12-14,36.0,2,11
2017-12-15,36.0,2,11
2017-12-18,36.0,2,11
2017-12-19,36.0,2,11
2017-12-20,36.0,2,11
2017-12-21,43.0,2,11
2017-12-22,43.0,2,11
2017-12-26,43.0,2,11
2017-12-27,43.0,2,11
2017-12-28,43.0,2,11
2017-12-29,43.0,2,11
2018-01-02,44.0,2,13
2018-01-03,44.0,2,13
2018-01-04,44.0,2,13
2018-01-05,37.0,2,13
2018-01-08,44.0,2,13
2018-01-09,44.0,2,13
2018-01-10,44.5,2,14
2018-01-11,52.5,2,14
2018-01-12,44.5,2,14
2018-01-16,52.5,2,14
2018-01-17,52.5,2,14
2018-01-18,52.5,2,14
2018-01-19,52.5,2,14
2018-01-22,52.5,2,14
2018-01-23,52.5,2,14
2018-01-24,68.5,3,14
2018-01-25,68.5,3,14
2018-01-26,68.5,3,14
2018-01-29,68.5,3,14
2018-01-30,68.5,3,14
2018-01-31,68.5,3,14
2018-02-01,84.5,3,14
2018-02-02,84.5,3,14
2018-02-05,99.5,3,14
2018-02-06,91.5,3,14
2018-02-07,75.5,3,14
2018-02-08,75.5,3,14
2018-02-09,75.5,3,14
2018-02-12,75.5,3,14
2018-02-13,84.5,3,14
2018-02-14,84.5,3,14
2018-02-15,68.5,3,14
2018-02-16,68.5,3,14
2018-02-20,68.5,3,14
2018-02-21,52.5,2,14
2018-02-22,68.5,3,14
2018-02-23,68.5,3,14
2018-02-26,68.5,3,14
2018-02-27,52.5,2,14
2018-02-28,52.5,2,14
2018-03-01,52.5,2,14
2018-03-02,68.5,3,14
2018-03-05,52.5,2,14
2018-03-06,68.5,3,14
2018-03-07,68.5,3,14
2018-03-08,68.5,3,14
2018-03-09,68.5,3,14
2018-03-12,84.5,3,14
2018-03-13,84.5,3,14
2018-03-14,84.5,3,14
2018-03-15,68.5,3,14
2018-03-16,68.5,3,14
2018-03-19,84.5,3,14
2018-03-20,68.5,3,14
2018-03-21,84.5,3,14
2018-03-22,84.5,3,14
2018-03-23,84.5,3,14
2018-03-26,84.5,3,14
2018-03-27,84.5,3,14
2018-03-28,68.5,3,14
2018-03-29,68.5,3,14
2018-04-02,68.5,3,14
2018-04-03,68.5,3,14
2018-04-04,68.5,3,14
2018-04-05,68.5,3,14
2018-04-06,68.5,3,14
2018-04-09,84.5,3,14
2018-04-10,84.5,3,14
2018-04-11,84.5,3,14
2018-04-12,84.5,3,14
2018-04-13,84.5,3,14
2018-04-16,84.5,3,14
2018-04-17,84.5,3,14
2018-04-18,84.5,3,14
2018-04-19,84.5,3,14
2018-04-20,68.5,3,14
2018-04-23,68.5,3,14
2018-04-24,68.5,3,14
2018-04-25,68.5,3,14
2018-04-26,68.5,3,14
2018-04-27,68.5,3,14
2018-04-30,68.5,3,14
2018-05-01,68.5,3,14
2018-05-02,80.5,3,14
2018-05-03,80.5,3,14
2018-05-04,80.5,3,14
2018-05-07,80.5,3,14
2018-05-08,80.5,3,14
2018-05-09,68.5,3,14
2018-05-10,68.5,3,14
2018-05-11,68.5,3,14
2018-05-14,68.5,3,14
2018-05-15,68.5,3,14
2018-05-16,68.5,3,14
2018-05-17,68.5,3,14
2018-05-18,68.5,3,14
2018-05-21,68.5,3,14
2018-05-22,68.5,3,14
2018-05-23,68.5,3,14
2018-05-24,68.5,3,14
2018-05-25,68.5,3,14
2018-05-29,68.5,3,14
2018-05-30,68.5,3,14
2018-05-31,68.5,3,14
2018-06-01,68.5,3,14
2018-06-04,68.5,3,14
2018-06-05,68.5,3,14
2018-06-06,68.5,3,14
2018-06-07,68.5,3,14
2018-06-08,68.5,3,14
2018-06-11,68.5,3,14
2018-06-12,68.5,3,14
2018-06-13,68.5,3,14
2018-06-14,68.5,3,14
2018-06-15,68.5,3,14
2018-06-18,68.5,3,14
2018-06-19,53.5,2,14
2018-06-20,65.5,3,14
2018-06-21,80.5,3,14
2018-06-22,80.5,3,14
2018-06-25,80.5,3,14
2018-06-26,80.5,3,14
2018-06-27,65.5,3,14
2018-06-28,65.5,3,14
2018-06-29,80.5,3,14
2018-07-02,80.5,3,14
2018-07-03,80.5,3,14
2018-07-05,80.5,3,14
2018-07-06,80.5,3,14
2018-07-09,80.5,3,14
2018-07-10,80.5,3,14
2018-07-11,80.5,3,14
2018-07-12,80.5,3,14
2018-07-13,80.5,3,14
2018-07-16,64.5,3,14
2018-07-17,64.5,3,14
2018-07-18,49.5,2,14
2018-07-19,49.5,2,14
2018-07-20,64.5,3,14
2018-07-23,64.5,3,14
2018-07-24,56.5,2,14
2018-07-25,64.5,3,14
2018-07-26,64.5,3,14
2018-07-27,64.5,3,14
2018-07-30,56.5,2,14
2018-07-31,64.5,3,14
2018-08-01,64.5,3,14
2018-08-02,49.5,2,14
2018-08-03,49.5,2,14
2018-08-06,49.5,2,14
2018-08-07,49.5,2,14
2018-08-08,49.5,2,14
2018-08-09,49.5,2,14
2018-08-10,49.5,2,14
2018-08-13,49.5,2,14
2018-08-14,49.5,2,14
2018-08-15,53.0,2,14
2018-08-16,53.0,2,14
2018-08-17,53.0,2,14
2018-08-20,53.0,2,14
2018-08-21,53.0,2,14
2018-08-22,53.0,2,14
2018-08-23,53.0,2,14
2018-08-24,53.0,2,14
2018-08-27,68.0,3,14
2018-08-28,68.0,3,14
2018-08-29,68.0,3,14
2018-08-30,68.0,3,14
2018-08-31,53.0,2,14
2018-09-04,45.0,2,14
2018-09-05,53.0,2,14
2018-09-06,53.0,2,14
2018-09-07,53.0,2,14
2018-09-10,53.0,2,14
2018-09-11,53.0,2,14
2018-09-12,68.0,3,14
2018-09-13,68.0,3,14
2018-09-14,68.0,3,14
2018-09-17,68.0,3,14
2018-09-18,68.0,3,14
2018-09-19,68.0,3,14
2018-09-20,68.0,3,14
2018-09-21,68.0,3,14
2018-09-24,68.0,3,14
2018-09-25,68.0,3,14
2018-09-26,68.0,3,14
2018-09-27,53.0,2,14
2018-09-28,53.0,2,14
2018-10-01,53.0,2,14
2018-10-02,53.0,2,14
2018-10-03,53.0,2,14
2018-10-04,53.0,2,14
2018-10-05,53.0,2,14
2018-10-08,53.0,2,14
2018-10-09,53.0,2,14
2018-10-10,53.0,2,14
2018-10-11,53.0,2,14
2018-10-12,53.0,2,14
2018-10-15,53.0,2,14
2018-10-16,53.0,2,14
2018-10-17,53.0,2,14
2018-10-18,53.0,2,14
2018-10-19,53.0,2,14
2018-10-22,53.0,2,14
2018-10-23,53.0,2,14
2018-10-24,60.0,3,14
2018-10-25,53.0,2,14
2018-10-26,53.0,2,14
2018-10-29,53.0,2,14
2018-10-30,53.0,2,14
2018-10-31,53.0,2,14
2018-11-01,53.0,2,14
2018-11-02,53.0,2,14
2018-11-05,53.0,2,14
2018-11-06,45.0,2,14
2018-11-07,45.0,2,14
2018-11-08,45.0,2,14
2018-11-09,45.0,2,14
2018-11-12,45.0,2,14
2018-11-13,45.0,2,14
2018-11-14,53.0,2,14
2018-11-15,53.0,2,14
2018-11-16,53.0,2,14
2018-11-19,53.0,2,14
2018-11-20,53.0,2,14
2018-11-21,53.0,2,14
2018-11-23,53.0,2,14
2018-11-26,69.0,3,14
2018-11-27,69.0,3,14
2018-11-28,53.0,2,14
2018-11-29,53.0,2,14
2018-11-30,69.0,3,14
2018-12-03,69.0,3,14
2018-12-04,69.0,3,14
2018-12-06,69.0,3,14
2018-12-07,69.0,3,14
2018-12-10,69.0,3,14
2018-12-11,69.0,3,14
2018-12-12,69.0,3,14
2018-12-13,69.0,3,14
2018-12-14,69.0,3,14
2018-12-17,69.0,3,14
2018-12-18,76.0,3,14
2018-12-19,76.0,3,14
2018-12-20,76.0,3,14
2018-12-21,76.0,3,14
2018-12-24,89.25,3,14
2018-12-26,76.0,3,14
2018-12-27,76.0,3,14
2018-12-28,76.0,3,14
2018-12-31,76.0,3,14
2019-01-02,69.0,3,14
2019-01-03,76.0,3,14
2019-01-04,69.0,3,14
2019-01-07,69.0,3,14
2019-01-08,69.0,3,14
2019-01-09,69.0,3,14
2019-01-10,69.0,3,14
2019-01-11,69.0,3,14
2019-01-14,69.0,3,14
2019-01-15,69.0,3,14
2019-01-16,69.0,3,14
2019-01-17,69.0,3,14
2019-01-18,69.0,3,14
2019-01-22,69.0,3,14
2019-01-23,69.0,3,14
2019-01-24,69.0,3,14
2019-01-25,69.0,3,14
2019-01-28,69.0,3,14
2019-01-29,69.0,3,14
2019-01-30,69.0,3,14
2019-01-31,69.0,3,14
2019-02-01,72.5,3,14
2019-02-04,72.5,3,14
2019-02-05,72.5,3,14
2019-02-06,72.5,3,14
2019-02-07,72.5,3,14
2019-02-08,72.5,3,14
2019-02-11,72.5,3,14
2019-02-12,72.5,3,14
2019-02-13,72.5,3,14
2019-02-14,72.5,3,14
2019-02-15,72.5,3,14
2019-02-19,56.5,2,14
2019-02-20,60.5,3,14
2019-02-21,60.5,3,14
2019-02-22,60.5,3,14
2019-02-25,60.5,3,14
2019-02-26,60.5,3,14
2019-02-27,56.5,2,14
2019-02-28,56.5,2,14
2019-03-01,56.5,2,14
2019-03-04,56.5,2,14
2019-03-05,56.5,2,14
2019-03-06,56.5,2,14
2019-03-07,56.5,2,14
2019-03-08,56.5,2,14
2019-03-11,56.5,2,14
2019-03-12,56.5,2,14
2019-03-13,56.5,2,14
2019-03-14,56.5,2,14
2019-03-15,56.5,2,14
2019-03-18,56.5,2,14
2019-03-19,56.5,2,14
2019-03-20,60.5,3,14
2019-03-21,60.5,3,14
2019-03-22,60.5,3,14
2019-03-25,60.5,3,14
2019-03-26,60.5,3,14
2019-03-27,60.5,3,14
2019-03-28,60.5,3,14
2019-03-29,60.5,3,14
2019-04-01,64.5,3,14
2019-04-02,56.5,2,14
2019-04-03,56.5,2,14
2019-04-04,56.5,2,14
2019-04-05,56.5,2,14
2019-04-08,56.5,2,14
2019-04-09,56.5,2,14
2019-04-10,56.5,2,14
2019-04-11,56.5,2,14
2019-04-12,56.5,2,14
2019-04-15,56.5,2,14
2019-04-16,56.5,2,14
2019-04-17,56.5,2,14
2019-04-18,56.5,2,14
2019-04-22,56.5,2,14
2019-04-23,49.5,2,14
2019-04-24,56.5,2,14
2019-04-25,56.5,2,14
2019-04-26,56.5,2,14
2019-04-29,56.5,2,14
2019-04-30,56.5,2,14
2019-05-01,52.5,2,14
2019-05-02,52.5,2,14
2019-05-03,45.5,2,14
2019-05-06,45.5,2,14
2019-05-07,45.5,2,14
2019-05-08,45.5,2,14
2019-05-09,45.5,2,14
2019-05-10,45.5,2,14
2019-05-13,45.5,2,14
2019-05-14,45.5,2,14
2019-05-15,45.5,2,14
2019-05-16,45.5,2,14
2019-05-17,45.5,2,14
2019-05-20,45.5,2,14
2019-05-21,45.5,2,14
2019-05-22,45.5,2,14
2019-05-23,45.5,2,14
2019-05-24,45.5,2,14
2019-05-28,45.5,2,14
2019-05-29,45.5,2,14
2019-05-30,45.5,2,14
2019-05-31,45.5,2,14
2019-06-03,45.5,2,14
2019-06-04,45.5,2,14
2019-06-05,45.5,2,14
2019-06-06,45.5,2,14
2019-06-07,45.5,2,14
2019-06-10,45.5,2,14
2019-06-11,45.5,2,14
2019-06-12,45.5,2,14
2019-06-13,45.5,2,14
2019-06-14,45.5,2,14
2019-06-17,45.5,2,14
2019-06-18,45.5,2,14
2019-06-19,45.5,2,14
2019-06-20,45.5,2,14
2019-06-21,45.5,2,14
2019-06-24,45.5,2,14
2019-06-25,45.5,2,14
2019-06-26,45.5,2,14
2019-06-27,45.5,2,14
2019-06-28,45.5,2,14
2019-07-01,56.5,2,14
2019-07-02,56.5,2,14
2019-07-03,49.5,2,14
2019-07-05,56.5,2,14
2019-07-08,49.5,2,14
2019-07-09,49.5,2,14
2019-07-10,49.5,2,14
2019-07-11,49.5,2,14
2019-07-12,49.5,2,14
2019-07-15,56.5,2,14
2019-07-16,56.5,2,14
2019-07-17,56.5,2,14
2019-07-18,56.5,2,14
2019-07-19,56.5,2,14
2019-07-22,56.5,2,14
2019-07-23,56.5,2,14
2019-07-24,56.5,2,14
2019-07-25,56.5,2,14
2019-07-26,56.5,2,14
2019-07-29,56.5,2,14
2019-07-30,56.5,2,14
2019-07-31,56.5,2,14
2019-08-01,56.5,2,14
2019-08-02,56.5,2,14
2019-08-05,49.5,2,14
2019-08-06,49.5,2,14
2019-08-07,49.5,2,14
2019-08-08,49.5,2,14
2019-08-09,49.5,2,14
2019-08-12,49.5,2,14
2019-08-13,56.5,2,14
2019-08-14,56.5,2,14
2019-08-15,56.5,2,14
2019-08-16,56.5,2,14
2019-08-19,56.5,2,14
2019-08-20,56.5,2,14
2019-08-21,56.5,2,14
2019-08-22,56.5,2,14
2019-08-23,56.5,2,14
2019-08-26,56.5,2,14
2019-08-27,56.5,2,14
2019-08-28,56.5,2,14
2019-08-29,56.5,2,14
2019-08-30,56.5,2,14
2019-09-03,56.5,2,14
2019-09-04,56.5,2,14
2019-09-05,56.5,2,14
2019-09-06,56.5,2,14
2019-09-09,56.5,2,14
2019-09-10,56.5,2,14
2019-09-11,56.5,2,14
2019-09-12,56.5,2,14
2019-09-13,56.5,2,14
2019-09-16,56.5,2,14
2019-09-17,56.5,2,14
2019-09-18,52.5,2,14
2019-09-19,52.5,2,14
2019-09-20,52.5,2,14
2019-09-23,52.5,2,14
2019-09-24,60.5,3,14
2019-09-25,60.5,3,14
2019-09-26,60.5,3,14
2019-09-27,60.5,3,14
2019-09-30,60.5,3,14
2019-10-01,60.5,3,14
2019-10-02,60.5,3,14
2019-10-03,60.5,3,14
2019-10-04,60.5,3,14
2019-10-07,60.5,3,14
2019-10-08,60.5,3,14
2019-10-09,60.5,3,14
2019-10-10,60.5,3,14
2019-10-11,60.5,3,14
2019-10-14,60.5,3,14
2019-10-15,60.5,3,14
2019-10-16,60.5,3,14
2019-10-17,60.5,3,14
2019-10-18,60.5,3,14
2019-10-21,60.5,3,14
2019-10-22,60.5,3,14
2019-10-23,57.0,2,14
2019-10-24,57.0,2,14
2019-10-25,57.0,2,14
2019-10-28,49.0,2,14
2019-10-29,49.0,2,14
2019-10-30,49.0,2,14
2019-10-31,49.0,2,14
2019-11-01,49.0,2,14
2019-11-04,49.0,2,14
2019-11-05,49.0,2,14
2019-11-06,49.0,2,14
2019-11-07,49.0,2,14
2019-11-08,57.0,2,14
2019-11-11,57.0,2,14
2019-11-12,57.0,2,14
2019-11-13,57.0,2,14
2019-11-14,57.0,2,14
2019-11-15,57.0,2,14
2019-11-18,57.0,2,14
2019-11-19,57.0,2,14
2019-11-20,57.0,2,14
2019-11-21,57.0,2,14
2019-11-22,57.0,2,14
2019-11-25,57.0,2,14
2019-11-26,57.0,2,14
2019-11-27,57.0,2,14
2019-11-29,57.0,2,14
2019-12-02,57.0,2,14
2019-12-03,57.0,2,14
2019-12-04,57.0,2,14
2019-12-05,57.0,2,14
2019-12-06,57.0,2,14
2019-12-09,57.0,2,14
2019-12-10,57.0,2,14
2019-12-11,57.0,2,14
2019-12-12,57.0,2,14
2019-12-13,57.0,2,14
2019-12-16,57.0,2,14
2019-12-17,57.0,2,14
2019-12-18,57.0,2,14
2019-12-19,57.0,2,14
2019-12-20,57.0,2,14
2019-12-23,57.0,2,14
2019-12-24,57.0,2,14
2019-12-26,57.0,2,14
2019-12-27,57.0,2,14
2019-12-30,57.0,2,14
2019-12-31,57.0,2,14
2020-01-02,57.0,2,14
2020-01-03,57.0,2,14
2020-01-06,57.0,2,14
2020-01-07,57.0,2,14
2020-01-08,57.0,2,14
2020-01-09,57.0,2,14
2020-01-10,57.0,2,14
2020-01-13,57.0,2,14
2020-01-14,49.0,2,14
2020-01-15,49.0,2,14
2020-01-16,49.0,2,14
2020-01-17,49.0,2,14
2020-01-21,49.0,2,14
2020-01-22,49.0,2,14
2020-01-23,49.0,2,14
2020-01-24,49.0,2,14
2020-01-27,49.0,2,14
2020-01-28,49.0,2,14
2020-01-29,49.0,2,14
2020-01-30,49.0,2,14
2020-01-31,49.0,2,14
2020-02-03,45.0,2,14
2020-02-04,45.0,2,14
2020-02-05,45.0,2,14
2020-02-06,45.0,2,14
2020-02-07,38.0,2,14
2020-02-10,38.0,2,14
2020-02-11,38.0,2,14
2020-02-12,38.0,2,14
2020-02-13,38.0,2,14
2020-02-14,38.0,2,14
2020-02-18,38.0,2,14
2020-02-19,38.0,2,14
2020-02-20,38.0,2,14
2020-02-21,38.0,2,14
2020-02-24,45.0,2,14
2020-02-25,45.0,2,14
2020-02-26,52.0,2,14
2020-02-27,60.0,3,14
2020-02-28,65.25,3,14
2020-03-02,69.25,3,14
2020-03-03,77.25,3,14
2020-03-04,71.5,3,14
2020-03-05,72.5,3,14
2020-03-06,83.0,3,14
2020-03-09,133.0,4,14
2020-03-10,96.0,3,14
2020-03-11,112.0,3,14
2020-03-12,142.0,4,14
2020-03-13,126.0,4,14
2020-03-16,136.0,4,14
2020-03-17,120.0,4,14
2020-03-18,120.0,4,14
2020-03-19,126.0,4,14
2020-03-20,126.0,4,14
2020-03-23,138.0,4,14
2020-03-24,120.0,4,14
2020-03-25,110.75,3,14
2020-03-26,110.75,3,14
2020-03-27,110.75,3,14
2020-03-30,110.75,3,14
2020-03-31,110.75,3,14
2020-04-01,104.75,3,14
2020-04-02,104.75,3,14
2020-04-03,100.75,3,14
2020-04-06,80.75,3,14
2020-04-07,88.75,3,14
2020-04-08,80.75,3,14
2020-04-09,80.75,3,14
2020-04-13,88.75,3,14
2020-04-14,88.75,3,14
2020-04-15,88.75,3,14
2020-04-16,88.75,3,14
2020-04-17,88.75,3,14
2020-04-20,88.75,3,14
2020-04-21,88.75,3,14
2020-04-22,83.5,3,14
2020-04-23,75.5,3,14
2020-04-24,75.5,3,14
2020-04-27,67.5,3,14
2020-04-28,67.5,3,14
2020-04-29,60.5,3,14
2020-04-30,67.5,3,14
2020-05-01,68.5,3,14
2020-05-04,68.5,3,14
2020-05-05,60.5,3,14
2020-05-06,60.5,3,14
2020-05-07,60.5,3,14
2020-05-08,60.5,3,14
2020-05-11,67.5,3,14
2020-05-12,60.5,3,14
2020-05-13,68.5,3,14
2020-05-14,60.5,3,14
2020-05-15,60.5,3,14
2020-05-18,60.5,3,14
2020-05-19,60.5,3,14
2020-05-20,60.5,3,14
2020-05-21,60.5,3,14
2020-05-22,60.5,3,14
2020-05-26,60.5,3,14
2020-05-27,54.5,2,14
2020-05-28,60.5,3,14
2020-05-29,60.5,3,14
2020-06-01,60.5,3,14
2020-06-02,60.5,3,14
2020-06-03,54.5,2,14
2020-06-04,54.5,2,14
2020-06-05,47.5,2,14
2020-06-08,49.25,2,14
2020-06-09,54.5,2,14
2020-06-10,54.5,2,14
2020-06-11,68.5,3,14
2020-06-12,68.5,3,14
2020-06-15,60.5,3,14
2020-06-16,54.5,2,14
2020-06-17,54.5,2,14
2020-06-18,54.5,2,14
2020-06-19,68.5,3,14
2020-06-22,60.5,3,14
2020-06-23,60.5,3,14
2020-06-24,65.75,3,14
2020-06-25,65.75,3,14
2020-06-26,65.75,3,14
2020-06-29,65.75,3,14
2020-06-30,65.75,3,14
2020-07-01,65.75,3,14
2020-07-02,65.75,3,14
2020-07-06,65.75,3,14
2020-07-07,65.75,3,14
2020-07-08,65.75,3,14
2020-07-09,65.75,3,14
2020-07-10,65.75,3,14
2020-07-13,65.75,3,14
2020-07-14,65.75,3,14
2020-07-15,65.75,3,14
2020-07-16,65.75,3,14
2020-07-17,65.75,3,14
2020-07-20,58.75,2,14
2020-07-21,58.75,2,14
2020-07-22,73.75,3,14
2020-07-23,80.75,3,14
2020-07-24,80.75,3,14
2020-07-27,73.75,3,14
2020-07-28,80.75,3,14
2020-07-29,73.75,3,14
2020-07-30,73.75,3,14
2020-07-31,73.75,3,14
2020-08-03,73.75,3,14
2020-08-04,73.75,3,14
2020-08-05,73.75,3,14
2020-08-06,73.75,3,14
2020-08-07,73.75,3,14
2020-08-10,67.75,3,14
2020-08-11,67.75,3,14
2020-08-12,67.75,3,14
2020-08-13,67.75,3,14
2020-08-14,67.75,3,14
2020-08-17,73.75,3,14
2020-08-18,73.75,3,14
2020-08-19,73.75,3,14
2020-08-20,73.75,3,14
2020-08-21,73.75,3,14
2020-08-24,73.75,3,14
2020-08-25,73.75,3,14
2020-08-26,73.75,3,14
2020-08-27,73.75,3,14
2020-08-28,73.75,3,14
2020-08-31,80.75,3,14
2020-09-01,72.75,3,14
2020-09-02,72.75,3,14
2020-09-03,79.75,3,14
2020-09-04,72.75,3,14
2020-09-08,79.75,3,14
2020-09-09,79.75,3,14
2020-09-10,79.75,3,14
2020-09-11,79.75,3,14
2020-09-14,72.75,3,14
2020-09-15,72.75,3,14
2020-09-16,72.75,3,14
2020-09-17,72.75,3,14
2020-09-18,72.75,3,14
2020-09-21,72.75,3,14
2020-09-22,72.75,3,14
2020-09-23,79.75,3,14
2020-09-24,72.75,3,14
2020-09-25,72.75,3,14
2020-09-28,72.75,3,14
2020-09-29,72.75,3,14
2020-09-30,72.75,3,14
2020-10-01,72.75,3,14
2020-10-02,72.75,3,14
2020-10-05,72.75,3,14
2020-10-06,72.75,3,14
2020-10-07,72.75,3,14
2020-10-08,66.75,3,14
2020-10-09,72.75,3,14
2020-10-12,66.75,3,14
2020-10-13,72.75,3,14
2020-10-14,72.75,3,14
2020-10-15,72.75,3,14
2020-10-16,72.75,3,14
2020-10-19,72.75,3,14
2020-10-20,66.75,3,14
2020-10-21,66.75,3,14
2020-10-22,66.75,3,14
2020-10-23,66.75,3,14
2020-10-26,66.75,3,14
2020-10-27,66.75,3,14
2020-10-28,80.75,3,14
2020-10-29,74.75,3,14
2020-10-30,74.75,3,14
2020-11-02,74.75,3,14
2020-11-03,74.75,3,14
2020-11-04,66.75,3,14
2020-11-05,66.75,3,14
2020-11-06,59.75,2,14
2020-11-09,61.5,3,14
2020-11-10,54.5,2,14
2020-11-11,54.5,2,14
2020-11-12,61.5,3,14
2020-11-13,54.5,2,14
2020-11-16,54.5,2,14
2020-11-17,54.5,2,14
2020-11-18,49.25,2,14
2020-11-19,49.25,2,14
2020-11-20,49.25,2,14
2020-11-23,49.25,2,14
2020-11-24,49.25,2,14
2020-11-25,49.25,2,14
2020-11-27,49.25,2,14
2020-11-30,49.25,2,14
2020-12-01,49.25,2,14
2020-12-02,49.25,2,14
2020-12-03,49.25,2,14
2020-12-04,49.25,2,14
2020-12-07,49.25,2,14
2020-12-08,49.25,2,14
2020-12-09,49.25,2,14
2020-12-10,49.25,2,14
2020-12-11,49.25,2,14
2020-12-14,49.25,2,14
2020-12-15,49.25,2,14
2020-12-16,49.25,2,14
2020-12-17,65.25,3,14
2020-12-18,49.25,2,14
2020-12-21,56.25,2,14
2020-12-22,49.25,2,14
2020-12-23,49.25,2,14
2020-12-24,49.25,2,14
2020-12-28,49.25,2,14
2020-12-29,49.25,2,14
2020-12-30,65.25,3,14
2020-12-31,65.25,3,14
2021-01-04,68.25,3,14
2021-01-05,68.25,3,14
2021-01-06,68.25,3,14
2021-01-07,61.25,3,14
2021-01-08,45.25,2,14
2021-01-11,50.5,2,14
2021-01-12,57.5,2,14
2021-01-13,45.25,2,14
2021-01-14,45.25,2,14
2021-01-15,45.25,2,14
2021-01-19,45.25,2,14
2021-01-20,45.25,2,14
2021-01-21,52.25,2,14
2021-01-22,52.25,2,14
2021-01-25,52.25,2,14
2021-01-26,52.25,2,14
2021-01-27,67.25,3,14
2021-01-28,59.25,2,14
2021-01-29,64.5,3,14
2021-02-01,71.25,3,14
2021-02-02,69.5,3,14
2021-02-03,62.5,3,14
2021-02-04,62.5,3,14
2021-02-05,62.5,3,14
2021-02-08,62.5,3,14
2021-02-09,62.5,3,14
2021-02-10,62.5,3,14
2021-02-11,62.5,3,14
2021-02-12,62.5,3,14
2021-02-16,62.5,3,14
2021-02-17,62.5,3,14
2021-02-18,62.5,3,14
2021-02-19,62.5,3,14
2021-02-22,62.5,3,14
2021-02-23,69.5,3,14
2021-02-24,62.5,3,14
2021-02-25,76.5,3,14
2021-02-26,76.5,3,14
2021-03-01,47.0,2,14
2021-03-02,54.0,2,14
2021-03-03,54.0,2,14
2021-03-04,61.0,3,14
2021-03-05,47.0,2,14
2021-03-08,54.0,2,14
2021-03-09,47.0,2,14
2021-03-10,47.0,2,14
2021-03-11,47.0,2,14
2021-03-12,47.0,2,14
2021-03-15,47.0,2,14
2021-03-16,47.0,2,14
2021-03-17,47.0,2,14
2021-03-18,47.0,2,14
2021-03-19,47.0,2,14
2021-03-22,47.0,2,14
2021-03-23,47.0,2,14
2021-03-24,47.0,2,14
2021-03-25,54.0,2,14
2021-03-26,47.0,2,14
2021-03-29,47.0,2,14
2021-03-30,47.0,2,14
2021-03-31,47.0,2,14
2021-04-01,47.0,2,14
2021-04-05,47.0,2,14
2021-04-06,47.0,2,14
2021-04-07,47.0,2,14
2021-04-08,47.0,2,14
2021-04-09,47.0,2,14
2021-04-12,47.0,2,14
2021-04-13,47.0,2,14
2021-04-14,47.0,2,14
2021-04-15,47.0,2,14
2021-04-16,47.0,2,14
2021-04-19,47.0,2,14
2021-04-20,47.0,2,14
2021-04-21,54.0,2,14
2021-04-22,54.0,2,14
2021-04-23,54.0,2,14
2021-04-26,47.0,2,14
2021-04-27,47.0,2,14
2021-04-28,39.0,2,14
2021-04-29,46.0,2,14
2021-04-30,39.0,2,14
2021-05-03,42.5,2,14
2021-05-04,49.5,2,14
2021-05-05,42.5,2,14
2021-05-06,42.5,2,14
2021-05-07,42.5,2,14
2021-05-10,42.5,2,14
2021-05-11,42.5,2,14
2021-05-12,56.5,2,14
2021-05-13,49.5,2,14
2021-05-14,49.5,2,14
2021-05-17,57.5,2,14
2021-05-18,73.5,3,14
2021-05-19,57.5,2,14
2021-05-20,73.5,3,14
2021-05-21,57.5,2,14
2021-05-24,73.5,3,14
2021-05-25,73.5,3,14
2021-05-26,57.5,2,14
2021-05-27,73.5,3,14
2021-05-28,57.5,2,14
2021-06-01,73.5,3,14
2021-06-02,73.5,3,14
2021-06-03,57.5,2,14
2021-06-04,57.5,2,14
2021-06-07,73.5,3,14
2021-06-08,57.5,2,14
2021-06-09,57.5,2,14
2021-06-10,57.5,2,14
2021-06-11,57.5,2,14
2021-06-14,57.5,2,14
2021-06-15,57.5,2,14
2021-06-16,57.5,2,14
2021-06-17,57.5,2,14
2021-06-18,57.5,2,14
2021-06-21,73.5,3,14
2021-06-22,57.5,2,14
2021-06-23,57.5,2,14
2021-06-24,57.5,2,14
2021-06-25,73.5,3,14
2021-06-28,57.5,2,14
2021-06-29,57.5,2,14
2021-06-30,57.5,2,14
2021-07-01,57.5,2,14
2021-07-02,57.5,2,14
2021-07-06,57.5,2,14
2021-07-07,57.5,2,14
2021-07-08,57.5,2,14
2021-07-09,57.5,2,14
2021-07-12,57.5,2,14
2021-07-13,57.5,2,14
2021-07-14,57.5,2,14
2021-07-15,57.5,2,14
2021-07-16,73.5,3,14
2021-07-19,68.25,3,14
2021-07-20,73.5,3,14
2021-07-21,57.5,2,14
2021-07-22,57.5,2,14
2021-07-23,57.5,2,14
2021-07-26,57.5,2,14
2021-07-27,57.5,2,14
2021-07-28,57.5,2,14
2021-07-29,57.5,2,14
2021-07-30,57.5,2,14
2021-08-02,57.5,2,14
2021-08-03,57.5,2,14
2021-08-04,57.5,2,14
2021-08-05,57.5,2,14
2021-08-06,57.5,2,14
2021-08-09,49.5,2,14
2021-08-10,49.5,2,14
2021-08-11,49.5,2,14
2021-08-12,57.5,2,14
2021-08-13,49.5,2,14
2021-08-16,49.5,2,14
2021-08-17,49.5,2,14
2021-08-18,49.5,2,14
2021-08-19,49.5,2,14
2021-08-20,49.5,2,14
2021-08-23,49.5,2,14
2021-08-24,49.5,2,14
2021-08-25,49.5,2,14
2021-08-26,49.5,2,14
2021-08-27,49.5,2,14
2021-08-30,49.5,2,14
2021-08-31,49.5,2,14
2021-09-01,49.5,2,14
2021-09-02,49.5,2,14
2021-09-03,49.5,2,14
2021-09-07,49.5,2,14
2021-09-08,49.5,2,14
2021-09-09,49.5,2,14
2021-09-10,49.5,2,14
2021-09-13,49.5,2,14
2021-09-14,49.5,2,14
2021-09-15,57.5,2,14
2021-09-16,57.5,2,14
2021-09-17,57.5,2,14
2021-09-20,72.5,3,14
2021-09-21,65.5,3,14
2021-09-22,65.5,3,14
2021-09-23,57.5,2,14
2021-09-24,65.5,3,14
2021-09-27,65.5,3,14
2021-09-28,65.5,3,14
2021-09-29,57.5,2,14
2021-09-30,57.5,2,14
2021-10-01,53.5,2,14
2021-10-04,53.5,2,14
2021-10-05,53.5,2,14
2021-10-06,46.5,2,14
2021-10-07,53.5,2,14
2021-10-08,53.5,2,14
2021-10-11,46.5,2,14
2021-10-12,46.5,2,14
2021-10-13,46.5,2,14
2021-10-14,46.5,2,14
2021-10-15,46.5,2,14
2021-10-18,46.5,2,14
2021-10-19,46.5,2,14
2021-10-20,46.5,2,14
2021-10-21,46.5,2,14
2021-10-22,46.5,2,14
2021-10-25,46.5,2,14
2021-10-26,46.5,2,14
2021-10-27,46.5,2,14
2021-10-28,46.5,2,14
2021-10-29,46.5,2,14
2021-11-01,46.5,2,14
2021-11-02,46.5,2,14
2021-11-03,46.5,2,14
2021-11-04,46.5,2,14
2021-11-05,46.5,2,14
2021-11-08,46.5,2,14
2021-11-09,46.5,2,14
2021-11-10,54.5,2,14
2021-11-11,39.5,2,14
2021-11-12,39.5,2,14
2021-11-15,39.5,2,14
2021-11-16,39.5,2,14
2021-11-17,39.5,2,14
2021-11-18,46.5,2,14
2021-11-19,39.5,2,14
2021-11-22,46.5,2,14
2021-11-23,39.5,2,14
2021-11-24,38.5,2,14
2021-11-26,40.25,2,14
2021-11-29,31.5,2,14
2021-11-30,40.25,2,14
2021-12-01,40.25,2,14
2021-12-02,40.25,2,14
2021-12-03,40.25,2,14
2021-12-06,40.25,2,14
2021-12-07,33.25,2,14
2021-12-08,33.25,2,14
2021-12-09,33.25,2,14
2021-12-10,41.25,2,14
2021-12-13,41.25,2,14
2021-12-14,41.25,2,14
2021-12-15,41.25,2,14
2021-12-16,41.25,2,14
2021-12-17,49.25,2,14
2021-12-20,49.25,2,14
2021-12-21,41.25,2,14
2021-12-22,33.25,2,14
2021-12-23,33.25,2,14
2021-12-27,33.25,2,14
2021-12-28,33.25,2,14
2021-12-29,41.25,2,14
2021-12-30,41.25,2,14
2021-12-31,41.25,2,14
2022-01-03,49.25,2,14
2022-01-04,49.25,2,14
2022-01-05,49.25,2,14
2022-01-06,49.25,2,14
2022-01-07,49.25,2,14
2022-01-10,49.25,2,14
2022-01-11,49.25,2,14
2022-01-12,49.25,2,14
2022-01-13,64.25,3,14
2022-01-14,49.25,2,14
2022-01-18,49.25,2,14
2022-01-19,57.25,2,14
2022-01-20,64.25,3,14
2022-01-21,64.25,3,14
2022-01-24,64.25,3,14
2022-01-25,64.25,3,14
2022-01-26,56.25,2,14
2022-01-27,56.25,2,14
2022-01-28,56.25,2,14
2022-01-31,49.25,2,14
2022-02-01,49.25,2,14
2022-02-02,49.25,2,14
2022-02-03,49.25,2,14
2022-02-04,49.25,2,14
2022-02-07,49.25,2,14
2022-02-08,49.25,2,14
2022-02-09,49.25,2,14
2022-02-10,49.25,2,14
2022-02-11,56.25,2,14
2022-02-14,61.5,3,14
2022-02-15,56.25,2,14
2022-02-16,49.25,2,14
2022-02-17,56.25,2,14
2022-02-18,56.25,2,14
2022-02-22,56.25,2,14
2022-02-23,56.25,2,14
2022-02-24,61.5,3,14
2022-02-25,56.25,2,14
2022-02-28,61.5,3,14
2022-03-01,61.5,3,14
2022-03-02,61.5,3,14
2022-03-03,61.5,3,14
2022-03-04,67.5,3,14
2022-03-07,75.5,3,14
2022-03-08,75.5,3,14
2022-03-09,61.5,3,14
2022-03-10,61.5,3,14
2022-03-11,56.25,2,14
2022-03-14,61.5,3,14
2022-03-15,61.5,3,14
2022-03-16,61.5,3,14
2022-03-17,56.25,2,14
2022-03-18,49.25,2,14
2022-03-21,54.5,2,14
2022-03-22,54.5,2,14
2022-03-23,54.5,2,14
2022-03-24,54.5,2,14
2022-03-25,54.5,2,14
2022-03-28,54.5,2,14
2022-03-29,46.5,2,14
2022-03-30,54.5,2,14
2022-03-31,54.5,2,14
2022-04-01,54.5,2,14
2022-04-04,54.5,2,14
2022-04-05,54.5,2,14
2022-04-06,54.5,2,14
2022-04-07,54.5,2,14
2022-04-08,54.5,2,14
2022-04-11,54.5,2,14
2022-04-12,54.5,2,14
2022-04-13,54.5,2,14
2022-04-14,54.5,2,14
2022-04-18,54.5,2,14
2022-04-19,54.5,2,14
2022-04-20,54.5,2,14
2022-04-21,60.5,3,14
2022-04-22,61.5,3,14
2022-04-25,67.5,3,14
2022-04-26,61.5,3,14
2022-04-27,67.5,3,14
2022-04-28,61.5,3,14
2022-04-29,61.5,3,14
2022-05-02,67.5,3,14
2022-05-03,61.5,3,14
2022-05-04,61.5,3,14
2022-05-05,61.5,3,14
2022-05-06,61.5,3,14
2022-05-09,77.5,3,14
2022-05-10,77.5,3,14
2022-05-11,77.5,3,14
2022-05-12,77.5,3,14
2022-05-13,77.5,3,14
2022-05-16,77.5,3,14
2022-05-17,61.5,3,14
2022-05-18,77.5,3,14
2022-05-19,61.5,3,14
2022-05-20,77.5,3,14
2022-05-23,61.5,3,14
2022-05-24,61.5,3,14
2022-05-25,61.5,3,14
2022-05-26,61.5,3,14
2022-05-27,72.25,3,14
2022-05-31,61.5,3,14
2022-06-01,57.0,2,14
2022-06-02,44.75,2,14
2022-06-03,44.75,2,14
2022-06-06,57.0,2,14
2022-06-07,50.0,2,14
2022-06-08,50.0,2,14
2022-06-09,57.0,2,14
2022-06-10,57.0,2,14
2022-06-13,79.0,3,14
2022-06-14,79.0,3,14
2022-06-15,79.0,3,14
2022-06-16,79.0,3,14
2022-06-17,79.0,3,14
2022-06-21,79.0,3,14
2022-06-22,73.0,3,14
2022-06-23,73.0,3,14
2022-06-24,73.0,3,14
2022-06-27,79.0,3,14
2022-06-28,79.0,3,14
2022-06-29,79.0,3,14
2022-06-30,79.0,3,14
2022-07-01,79.0,3,14
2022-07-05,79.0,3,14
2022-07-06,79.0,3,14
2022-07-07,79.0,3,14
2022-07-08,72.0,3,14
2022-07-11,86.0,3,14
2022-07-12,86.0,3,14
2022-07-13,79.0,3,14
2022-07-14,86.0,3,14
2022-07-15,73.0,3,14
2022-07-18,73.0,3,14
2022-07-19,66.0,3,14
2022-07-20,66.0,3,14
2022-07-21,66.0,3,14
2022-07-22,66.0,3,14
2022-07-25,66.0,3,14
2022-07-26,66.0,3,14
2022-07-27,66.0,3,14
2022-07-28,50.0,2,14
2022-07-29,50.0,2,14
2022-08-01,74.0,3,14
2022-08-02,74.0,3,14
2022-08-03,74.0,3,14
2022-08-04,74.0,3,14
2022-08-05,74.0,3,14
2022-08-08,58.0,2,14
2022-08-09,74.0,3,14
2022-08-10,58.0,2,14
2022-08-11,58.0,2,14
2022-08-12,58.0,2,14
2022-08-15,58.0,2,14
2022-08-16,58.0,2,14
2022-08-17,74.0,3,14
2022-08-18,74.0,3,14
2022-08-19,81.0,3,14
2022-08-22,87.0,3,14
2022-08-23,87.0,3,14
2022-08-24,87.0,3,14
2022-08-25,81.0,3,14
2022-08-26,88.0,3,14
2022-08-29,94.0,3,14
2022-08-30,88.0,3,14
2022-08-31,88.0,3,14
2022-09-01,84.5,3,14
2022-09-02,84.5,3,14
2022-09-06,90.5,3,14
2022-09-07,83.5,3,14
2022-09-08,77.5,3,14
2022-09-09,77.5,3,14
2022-09-12,77.5,3,14
2022-09-13,84.5,3,14
2022-09-14,84.5,3,14
2022-09-15,84.5,3,14
2022-09-16,84.5,3,14
2022-09-19,90.5,3,14
2022-09-20,90.5,3,14
2022-09-21,83.0,3,14
2022-09-22,83.0,3,14
2022-09-23,83.0,3,14
2022-09-26,83.0,3,14
2022-09-27,83.0,3,14
2022-09-28,88.25,3,14
2022-09-29,88.25,3,14
2022-09-30,88.25,3,14
2022-10-03,91.75,3,14
2022-10-04,91.75,3,14
2022-10-05,91.75,3,14
2022-10-06,91.75,3,14
2022-10-07,91.75,3,14
2022-10-10,91.75,3,14
2022-10-11,91.75,3,14
2022-10-12,86.5,3,14
2022-10-13,86.5,3,14
2022-10-14,86.5,3,14
2022-10-17,86.5,3,14
2022-10-18,86.5,3,14
2022-10-19,86.5,3,14
2022-10-20,86.5,3,14
2022-10-21,86.5,3,14
2022-10-24,86.5,3,14
2022-10-25,70.5,3,14
2022-10-26,70.5,3,14
2022-10-27,70.5,3,14
2022-10-28,70.5,3,14
2022-10-31,70.5,3,14
2022-11-01,62.5,3,14
2022-11-02,62.5,3,14
2022-11-03,62.5,3,14
2022-11-04,49.5,2,14
2022-11-07,49.5,2,14
2022-11-08,56.5,2,14
2022-11-09,72.5,3,14
2022-11-10,49.5,2,14
2022-11-11,42.5,2,14
2022-11-14,42.5,2,14
2022-11-15,42.5,2,14
2022-11-16,48.5,2,14
2022-11-17,48.5,2,14
2022-11-18,42.5,2,14
2022-11-21,64.5,3,14
2022-11-22,48.5,2,14
2022-11-23,48.5,2,14
2022-11-25,42.5,2,14
2022-11-28,48.5,2,14
2022-11-29,48.5,2,14
2022-11-30,42.5,2,14
2022-12-01,46.5,2,14
2022-12-02,46.5,2,14
2022-12-05,46.5,2,14
2022-12-06,46.5,2,14
2022-12-07,52.5,2,14
2022-12-08,46.5,2,14
2022-12-09,52.5,2,14
2022-12-12,51.5,2,14
2022-12-13,44.5,2,14
2022-12-14,38.5,2,14
2022-12-15,38.5,2,14
2022-12-16,46.5,2,14
2022-12-19,46.5,2,14
2022-12-20,46.5,2,14
2022-12-21,46.5,2,14
2022-12-22,46.5,2,14
2022-12-23,46.5,2,14
2022-12-27,46.5,2,14
2022-12-28,46.5,2,14
2022-12-29,46.5,2,14
2022-12-30,46.5,2,14
2023-01-03,42.5,2,14
2023-01-04,47.75,2,14
2023-01-05,47.75,2,14
2023-01-06,47.75,2,14
2023-01-09,39.75,2,14
2023-01-10,39.75,2,14
2023-01-11,34.5,2,14
2023-01-12,34.5,2,14
2023-01-13,34.5,2,14
2023-01-17,27.5,2,14
2023-01-18,34.5,2,14
2023-01-19,27.5,2,14
2023-01-20,27.5,2,14
2023-01-23,27.5,2,14
2023-01-24,27.5,2,14
2023-01-25,27.5,2,14
2023-01-26,27.5,2,14
2023-01-27,27.5,2,14
2023-01-30,27.5,2,14
2023-01-31,22.25,2,14
2023-02-01,22.25,2,14
2023-02-02,22.25,2,14
2023-02-03,22.25,2,14
2023-02-06,27.5,2,14
2023-02-07,27.5,2,14
2023-02-08,27.5,2,14
2023-02-09,27.5,2,14
2023-02-10,27.5,2,14
2023-02-13,27.5,2,14
2023-02-14,27.5,2,14
2023-02-15,31.0,2,14
2023-02-16,31.0,2,14
2023-02-17,31.0,2,14
2023-02-21,31.0,2,14
2023-02-22,31.0,2,14
2023-02-23,31.0,2,14
2023-02-24,31.0,2,14
2023-02-27,31.0,2,14
2023-02-28,31.0,2,14
2023-03-01,40.25,2,14
2023-03-02,40.25,2,14
2023-03-03,40.25,2,14
2023-03-06,40.25,2,14
2023-03-07,46.25,2,14
2023-03-08,40.25,2,14
2023-03-09,47.25,2,14
2023-03-10,53.25,2,14
2023-03-13,58.5,2,14
2023-03-14,46.25,2,14
2023-03-15,49.75,2,14
2023-03-16,37.5,2,14
2023-03-17,61.75,3,14
2023-03-20,54.75,2,14
2023-03-21,37.5,2,14
2023-03-22,42.75,2,14
2023-03-23,42.75,2,14
2023-03-24,42.75,2,14
2023-03-27,42.75,2,14
2023-03-28,42.75,2,14
2023-03-29,42.75,2,14
2023-03-30,42.75,2,14
2023-03-31,42.75,2,14
2023-04-03,38.75,2,14
2023-04-04,38.75,2,14
2023-04-05,38.75,2,14
2023-04-06,38.75,2,14
2023-04-10,38.75,2,14
2023-04-11,38.75,2,14
2023-04-12,32.75,2,14
2023-04-13,32.75,2,14
2023-04-14,32.75,2,14
2023-04-17,32.75,2,14
2023-04-18,32.75,2,14
2023-04-19,32.75,2,14
2023-04-20,32.75,2,14
2023-04-21,32.75,2,14
2023-04-24,32.75,2,14
2023-04-25,38.75,2,14
2023-04-26,38.75,2,14
2023-04-27,32.75,2,14
2023-04-28,32.75,2,14
2023-05-01,32.75,2,14
2023-05-02,44.75,2,14
2023-05-03,44.75,2,14
2023-05-04,44.75,2,14
2023-05-05,44.75,2,14
2023-05-08,44.75,2,14
2023-05-09,44.75,2,14
2023-05-10,38.75,2,14
2023-05-11,38.75,2,14
2023-05-12,38.75,2,14
2023-05-15,38.75,2,14
2023-05-16,44.75,2,14
2023-05-17,42.25,2,14
2023-05-18,42.25,2,14
2023-05-19,42.25,2,14
2023-05-22,42.25,2,14
2023-05-23,42.25,2,14
2023-05-24,42.25,2,14
2023-05-25,48.25,2,14
2023-05-26,42.25,2,14
2023-05-30,43.25,2,15
2023-05-31,49.25,2,15
2023-06-01,43.25,2,15
2023-06-02,37.25,2,15
2023-06-05,44.25,2,15
2023-06-06,37.25,2,15
2023-06-07,37.25,2,15
2023-06-08,37.25,2,15
2023-06-09,37.25,2,15
2023-06-12,44.25,2,15
2023-06-13,37.25,2,15
2023-06-14,44.25,2,15
2023-06-15,44.25,2,15
2023-06-16,37.25,2,15
2023-06-20,37.25,2,15
2023-06-21,37.25,2,15
2023-06-22,37.25,2,15
2023-06-23,43.25,2,15
2023-06-26,37.25,2,15
2023-06-27,37.25,2,15
2023-06-28,37.25,2,15
2023-06-29,37.25,2,15
2023-06-30,37.25,2,15
2023-07-03,37.25,2,15
2023-07-05,37.25,2,15
2023-07-06,43.25,2,15
2023-07-07,43.25,2,15
2023-07-10,43.25,2,15
2023-07-11,37.25,2,15
2023-07-12,37.25,2,15
2023-07-13,37.25,2,15
2023-07-14,37.25,2,15
2023-07-17,37.25,2,15
2023-07-18,32.0,2,15
2023-07-19,32.0,2,15
2023-07-20,32.0,2,15
2023-07-21,32.0,2,15
2023-07-24,32.0,2,15
2023-07-25,32.0,2,15
2023-07-26,32.0,2,15
2023-07-27,32.0,2,15
2023-07-28,32.0,2,15
2023-07-31,32.0,2,15
2023-08-01,28.0,2,15
2023-08-02,28.0,2,15
2023-08-03,28.0,2,15
2023-08-04,28.0,2,15
2023-08-07,28.0,2,15
2023-08-08,28.0,2,15
2023-08-09,28.0,2,15
2023-08-10,28.0,2,15
2023-08-11,28.0,2,15
2023-08-14,28.0,2,15
2023-08-15,28.0,2,15
2023-08-16,33.25,2,15
2023-08-17,40.25,2,15
2023-08-18,40.25,2,15
2023-08-21,46.25,2,15
2023-08-22,40.25,2,15
2023-08-23,40.25,2,15
2023-08-24,40.25,2,15
2023-08-25,40.25,2,15
2023-08-28,40.25,2,15
2023-08-29,33.25,2,15
2023-08-30,33.25,2,15
2023-08-31,40.25,2,15
2023-09-01,35.0,2,15
2023-09-05,40.25,2,15
2023-09-06,40.25,2,15
2023-09-07,40.25,2,15
2023-09-08,40.25,2,15
2023-09-11,40.25,2,15
2023-09-12,40.25,2,15
2023-09-13,40.25,2,15
2023-09-14,35.0,2,15
2023-09-15,35.0,2,15
2023-09-18,35.0,2,15
2023-09-19,33.25,2,15
2023-09-20,28.0,2,15
2023-09-21,40.25,2,15
2023-09-22,40.25,2,15
2023-09-25,40.25,2,15
2023-09-26,40.25,2,15
2023-09-27,40.25,2,15
2023-09-28,33.25,2,15
2023-09-29,33.25,2,15
2023-10-02,33.25,2,15
2023-10-03,45.25,2,15
2023-10-04,33.25,2,15
2023-10-05,39.25,2,15
2023-10-06,33.25,2,15
2023-10-09,33.25,2,15
2023-10-10,39.25,2,15
2023-10-11,33.25,2,15
2023-10-12,33.25,2,15
2023-10-13,33.25,2,15
2023-10-16,39.25,2,15
2023-10-17,39.25,2,15
2023-10-18,33.25,2,15
2023-10-19,39.25,2,15
2023-10-20,45.25,2,15
2023-10-23,45.25,2,15
2023-10-24,39.25,2,15
2023-10-25,45.25,2,15
2023-10-26,45.25,2,15
2023-10-27,39.25,2,15
2023-10-30,45.25,2,15
2023-10-31,39.25,2,15
2023-11-01,39.25,2,15
2023-11-02,33.25,2,15
2023-11-03,33.25,2,15
2023-11-06,33.25,2,15
2023-11-07,33.25,2,15
2023-11-08,33.25,2,15
2023-11-09,33.25,2,15
2023-11-10,33.25,2,15
2023-11-13,33.25,2,15
2023-11-14,33.25,2,15
2023-11-15,28.0,2,15
2023-11-16,33.25,2,15
2023-11-17,28.0,2,15
2023-11-20,28.0,2,15
2023-11-21,33.25,2,15
2023-11-22,33.25,2,15
2023-11-24,33.25,2,15
2023-11-27,33.25,2,15
2023-11-28,33.25,2,15
2023-11-29,28.0,2,15
2023-11-30,28.0,2,15
2023-12-01,24.5,2,15
2023-12-04,24.5,2,15
2023-12-05,24.5,2,15
2023-12-06,24.5,2,15
2023-12-07,24.5,2,15
2023-12-08,24.5,2,15
2023-12-11,24.5,2,15
2023-12-12,24.5,2,15
2023-12-13,24.5,2,15
2023-12-14,24.5,2,15
2023-12-15,24.5,2,15
2023-12-18,24.5,2,15
2023-12-19,24.5,2,15
2023-12-20,28.5,2,15
2023-12-21,28.5,2,15
2023-12-22,28.5,2,15
2023-12-26,28.5,2,15
2023-12-27,24.5,2,15
2023-12-28,24.5,2,15
2023-12-29,24.5,2,15
2024-01-02,28.0,2,15
2024-01-03,32.0,2,15
2024-01-04,32.0,2,15
2024-01-05,32.0,2,15
2024-01-08,32.0,2,15
2024-01-09,32.0,2,15
2024-01-10,28.0,2,15
2024-01-11,28.0,2,15
2024-01-12,28.0,2,15
2024-01-16,28.0,2,15
2024-01-17,28.0,2,15
2024-01-18,28.0,2,15
2024-01-19,28.0,2,15
2024-01-22,35.0,2,15
2024-01-23,35.0,2,15
2024-01-24,28.0,2,15
2024-01-25,28.0,2,15
2024-01-26,28.0,2,15
2024-01-29,28.0,2,15
2024-01-30,28.0,2,15
2024-01-31,28.0,2,15
2024-02-01,28.0,2,15
2024-02-02,28.0,2,15
2024-02-05,28.0,2,15
2024-02-06,28.0,2,15
2024-02-07,28.0,2,15
2024-02-08,28.0,2,15
2024-02-09,28.0,2,15
2024-02-12,28.0,2,15
2024-02-13,28.0,2,15
2024-02-14,28.0,2,15
2024-02-15,28.0,2,15
2024-02-16,28.0,2,15
2024-02-20,28.0,2,15
2024-02-21,28.0,2,15
2024-02-22,28.0,2,15
2024-02-23,28.0,2,15
2024-02-26,28.0,2,15
2024-02-27,28.0,2,15
2024-02-28,28.0,2,15
2024-02-29,28.0,2,15
2024-03-01,24.5,2,15
2024-03-04,24.5,2,15
2024-03-05,24.5,2,15
2024-03-06,24.5,2,15
2024-03-07,24.5,2,15
2024-03-08,24.5,2,15
2024-03-11,24.5,2,15
2024-03-12,24.5,2,15
2024-03-13,19.25,1,15
2024-03-14,19.25,1,15
2024-03-15,19.25,1,15
2024-03-18,24.5,2,15
2024-03-19,26.25,2,15
2024-03-20,23.25,2,15
2024-03-21,23.25,2,15
2024-03-22,23.25,2,15
2024-03-25,23.25,2,15
2024-03-26,23.25,2,15
2024-03-27,23.25,2,15
2024-03-28,23.25,2,15
2024-04-01,26.75,2,15
2024-04-02,26.75,2,15
2024-04-03,26.75,2,15
2024-04-04,26.75,2,15
2024-04-05,26.75,2,15
2024-04-08,26.75,2,15
2024-04-09,26.75,2,15
2024-04-10,32.0,2,15
2024-04-11,32.0,2,15
2024-04-12,32.0,2,15
2024-04-15,32.0,2,15
2024-04-16,32.0,2,15
2024-04-17,39.0,2,15
2024-04-18,32.0,2,15
2024-04-19,32.0,2,15
2024-04-22,32.0,2,15
2024-04-23,32.0,2,15
2024-04-24,32.0,2,15
2024-04-25,32.0,2,15
2024-04-26,32.0,2,15
2024-04-29,32.0,2,15
2024-04-30,39.0,2,15
2024-05-01,35.5,2,15
2024-05-02,35.5,2,15
2024-05-03,23.25,2,15
2024-05-06,23.25,2,15
2024-05-07,23.25,2,15
2024-05-08,30.25,2,15
2024-05-09,23.25,2,15
2024-05-10,30.25,2,15
2024-05-13,28.5,2,15
2024-05-14,35.5,2,15
2024-05-15,23.25,2,15
2024-05-16,23.25,2,15
2024-05-17,23.25,2,15
2024-05-20,23.25,2,15
2024-05-21,23.25,2,15
2024-05-22,23.25,2,15
2024-05-23,23.25,2,15
2024-05-24,23.25,2,15
2024-05-28,23.25,2,15
2024-05-29,23.25,2,15
2024-05-30,23.25,2,15
2024-05-31,23.25,2,15
2024-06-03,19.75,1,15
2024-06-04,25.0,2,15
2024-06-05,25.0,2,15
2024-06-06,25.0,2,15
2024-06-07,19.75,1,15
2024-06-10,19.75,1,15
2024-06-11,19.75,1,15
2024-06-12,19.75,1,15
2024-06-13,19.75,1,15
2024-06-14,25.0,2,15
2024-06-17,19.75,1,15
2024-06-18,19.75,1,15
2024-06-20,19.75,1,15
2024-06-21,19.75,1,15
2024-06-24,26.75,2,15
2024-06-25,26.75,2,15
2024-06-26,26.75,2,15
2024-06-27,26.75,2,15
2024-06-28,26.75,2,15
2024-07-01,28.5,2,15
2024-07-02,35.5,2,15
2024-07-03,35.5,2,15
2024-07-05,30.25,2,15
2024-07-08,30.25,2,15
2024-07-09,30.25,2,15
2024-07-10,30.25,2,15
2024-07-11,30.25,2,15
2024-07-12,30.25,2,15
2024-07-15,23.25,2,15
2024-07-16,23.25,2,15
2024-07-17,23.25,2,15
2024-07-18,23.25,2,15
2024-07-19,23.25,2,15
2024-07-22,23.25,2,15
2024-07-23,23.25,2,15
2024-07-24,23.25,2,15
2024-07-25,23.25,2,15
2024-07-26,23.25,2,15
2024-07-29,23.25,2,15
2024-07-30,28.5,2,15
2024-07-31,23.25,2,15
2024-08-01,28.5,2,15
2024-08-02,35.5,2,15
2024-08-05,50.5,2,15
2024-08-06,42.5,2,15
2024-08-07,42.5,2,15
2024-08-08,35.5,2,15
2024-08-09,35.5,2,15
2024-08-12,35.5,2,15
2024-08-13,35.5,2,15
2024-08-14,35.5,2,15
2024-08-15,35.5,2,15
2024-08-16,35.5,2,15
2024-08-19,35.5,2,15
2024-08-20,35.5,2,15
2024-08-21,35.5,2,15
2024-08-22,35.5,2,15
2024-08-23,28.5,2,15
2024-08-26,28.5,2,15
2024-08-27,35.5,2,15
2024-08-28,35.5,2,15
2024-08-29,35.5,2,15
2024-08-30,35.5,2,15
2024-09-03,35.5,2,15
2024-09-04,35.5,2,15
2024-09-05,35.5,2,15
2024-09-06,35.5,2,15
2024-09-09,35.5,2,15
2024-09-10,35.5,2,15
2024-09-11,35.5,2,15
2024-09-12,30.25,2,15
2024-09-13,35.5,2,15
2024-09-16,35.5,2,15
2024-09-17,35.5,2,15
2024-09-18,23.25,2,15
2024-09-19,23.25,2,15
2024-09-20,23.25,2,15
2024-09-23,23.25,2,15
2024-09-24,23.25,2,15
2024-09-25,23.25,2,15
2024-09-26,23.25,2,15
2024-09-27,23.25,2,15
2024-09-30,23.25,2,15
2024-10-01,35.5,2,15
2024-10-02,35.5,2,15
2024-10-03,35.5,2,15
2024-10-04,28.5,2,15
2024-10-07,28.5,2,15
2024-10-08,28.5,2,15
2024-10-09,35.5,2,15
2024-10-10,35.5,2,15
2024-10-11,28.5,2,15
2024-10-14,28.5,2,15
2024-10-15,28.5,2,15
2024-10-16,28.5,2,15
2024-10-17,28.5,2,15
2024-10-18,28.5,2,15
2024-10-21,28.5,2,15
2024-10-22,28.5,2,15
2024-10-23,28.5,2,15
2024-10-24,28.5,2,15
2024-10-25,28.5,2,15
2024-10-28,34.5,2,15
2024-10-29,34.5,2,15
2024-10-30,34.5,2,15
2024-10-31,34.5,2,15
2024-11-01,34.5,2,15
2024-11-04,34.5,2,15
2024-11-05,34.5,2,15
2024-11-06,28.5,2,15
2024-11-07,28.5,2,15
2024-11-08,23.25,2,15
2024-11-11,23.25,2,15
2024-11-12,28.5,2,15
2024-11-13,28.5,2,15
2024-11-14,23.25,2,15
2024-11-15,28.5,2,15
2024-11-18,28.5,2,15
2024-11-19,28.5,2,15
2024-11-20,28.5,2,15
2024-11-21,28.5,2,15
2024-11-22,23.25,2,15
2024-11-25,23.25,2,15
2024-11-26,23.25,2,15
2024-11-27,23.25,2,15
2024-11-29,23.25,2,15
2024-12-02,23.25,2,15
2024-12-03,23.25,2,15
2024-12-04,23.25,2,15
2024-12-05,23.25,2,15
2024-12-06,23.25,2,15
2024-12-09,23.25,2,15
2024-12-10,23.25,2,15
2024-12-11,23.25,2,15
2024-12-12,23.25,2,15
2024-12-13,23.25,2,15
2024-12-16,23.25,2,15
2024-12-17,23.25,2,15
2024-12-18,37.25,2,15
2024-12-19,30.25,2,15
2024-12-20,23.25,2,15
2024-12-23,30.25,2,15
2024-12-24,30.25,2,15
2024-12-26,30.25,2,15
2024-12-27,30.25,2,15
2024-12-30,30.25,2,15
2024-12-31,30.25,2,15
2025-01-02,26.75,2,15
2025-01-03,26.75,2,15
2025-01-06,26.75,2,15
2025-01-07,32.0,2,15
2025-01-08,32.0,2,15
2025-01-10,26.75,2,15
2025-01-13,32.0,2,15
2025-01-14,32.0,2,15
2025-01-15,26.75,2,15
2025-01-16,26.75,2,15
2025-01-17,26.75,2,15
2025-01-21,26.75,2,15
2025-01-22,26.75,2,15
2025-01-23,26.75,2,15
2025-01-24,19.75,1,15
2025-01-27,19.75,1,15
2025-01-28,19.75,1,15
2025-01-29,26.75,2,15
2025-01-30,19.75,1,15
2025-01-31,26.75,2,15
2025-02-03,26.75,2,15
2025-02-04,19.75,1,15
2025-02-05,19.75,1,15
2025-02-06,19.75,1,15
2025-02-07,26.75,2,15
2025-02-10,26.75,2,15
2025-02-11,19.75,1,15
2025-02-12,19.75,1,15
2025-02-13,19.75,1,15
2025-02-14,19.75,1,15
2025-02-18,19.75,1,15
2025-02-19,19.75,1,15
2025-02-20,19.75,1,15
2025-02-21,19.75,1,15
2025-02-24,19.75,1,15
2025-02-25,26.75,2,15
2025-02-26,26.75,2,15
2025-02-27,26.75,2,15
2025-02-28,32.0,2,15
2025-03-03,32.0,2,15
2025-03-04,32.0,2,15
2025-03-05,25.0,2,15
2025-03-06,32.0,2,15
2025-03-07,32.0,2,15
2025-03-10,39.0,2,15
2025-03-11,39.0,2,15
2025-03-12,32.0,2,15
2025-03-13,32.0,2,15
2025-03-14,32.0,2,15
2025-03-17,26.75,2,15
2025-03-18,26.75,2,15
2025-03-19,26.75,2,15
2025-03-20,26.75,2,15
2025-03-21,26.75,2,15
2025-03-24,26.75,2,15
2025-03-25,26.75,2,15
2025-03-26,26.75,2,15
2025-03-27,26.75,2,15
2025-03-28,26.75,2,15
2025-03-31,32.0,2,15
2025-04-01,32.0,2,15
2025-04-02,32.0,2,15
2025-04-03,39.0,2,15
2025-04-04,47.0,2,15
2025-04-07,53.0,2,15
2025-04-08,69.0,3,15
2025-04-09,35.0,2,15
2025-04-10,43.0,2,15
2025-04-11,49.0,2,15
2025-04-14,41.0,2,15
2025-04-15,35.0,2,15
2025-04-16,35.0,2,15
2025-04-17,35.0,2,15
2025-04-21,35.0,2,15
2025-04-22,28.0,2,15
2025-04-23,28.0,2,15
2025-04-24,28.0,2,15
2025-04-25,21.0,1,15
2025-04-28,28.0,2,15
2025-04-29,21.0,1,15
2025-04-30,21.0,1,15
2025-05-01,21.0,1,15
2025-05-02,21.0,1,15
2025-05-05,21.0,1,15
2025-05-06,21.0,1,15
2025-05-07,15.75,1,15
2025-05-08,15.75,1,15
2025-05-09,21.0,1,15
2025-05-12,21.0,1,15
2025-05-13,21.0,1,15
2025-05-14,21.0,1,15
2025-05-15,15.75,1,15
2025-05-16,15.75,1,15
2025-05-19,21.0,1,15
2025-05-20,21.0,1,15
2025-05-21,21.0,1,15
2025-05-22,15.75,1,15
2025-05-23,21.0,1,15
2025-05-27,15.75,1,15
2025-05-28,15.75,1,15
2025-05-29,15.75,1,15
2025-05-30,15.75,1,15
2025-06-02,15.75,1,15
2025-06-03,21.0,1,15
2025-06-04,15.75,1,15
2025-06-05,15.75,1,15
2025-06-06,15.75,1,15
2025-06-09,15.75,1,15
2025-06-10,15.75,1,15
2025-06-11,15.75,1,15
2025-06-12,15.75,1,15
2025-06-13,15.75,1,15
2025-06-16,15.75,1,15
2025-06-17,15.75,1,15
2025-06-18,15.75,1,15
2025-06-20,15.75,1,15
2025-06-23,15.75,1,15
2025-06-24,15.75,1,15
2025-06-25,15.75,1,15
2025-06-26,15.75,1,15
2025-06-27,15.75,1,15
2025-06-30,15.75,1,15
2025-07-01,15.75,1,15
2025-07-02,15.75,1,15
2025-07-03,15.75,1,15
2025-07-07,15.75,1,15
2025-07-08,15.75,1,15
2025-07-09,15.75,1,15
2025-07-10,15.75,1,15
2025-07-11,15.75,1,15
2025-07-14,15.75,1,15
2025-07-15,15.75,1,15
2025-07-16,15.75,1,15
2025-07-17,15.75,1,15
2025-07-18,15.75,1,15
2025-07-21,15.75,1,15
2025-07-22,15.75,1,15
2025-07-23,15.75,1,15
2025-07-24,15.75,1,15
2025-07-25,15.75,1,15
2025-07-28,15.75,1,15
2025-07-29,15.75,1,15
2025-07-30,15.75,1,15
2025-07-31,15.75,1,15
2025-08-01,15.75,1,15
2025-08-04,15.75,1,15
2025-08-05,15.75,1,15
2025-08-06,15.75,1,15
2025-08-07,15.75,1,15
2025-08-08,15.75,1,15
2025-08-11,15.75,1,15
2025-08-12,15.75,1,15
2025-08-13,15.75,1,15
2025-08-14,15.75,1,15
2025-08-15,15.75,1,15
2025-08-18,15.75,1,15
2025-08-19,15.75,1,15
2025-08-20,15.75,1,15
2025-08-21,15.75,1,15
2025-08-22,15.75,1,15
2025-08-25,15.75,1,15
2025-08-26,15.75,1,15
2025-08-27,15.75,1,15
2025-08-28,15.75,1,15
2025-08-29,15.75,1,15
2025-09-02,22.75,2,15
2025-09-03,22.75,2,15
2025-09-04,22.75,2,15
2025-09-05,22.75,2,15
2025-09-08,22.75,2,15
2025-09-09,22.75,2,15
2025-09-10,22.75,2,15
2025-09-11,22.75,2,15
2025-09-12,22.75,2,15
2025-09-15,22.75,2,15
2025-09-16,22.75,2,15
2025-09-17,22.75,2,15
2025-09-18,22.75,2,15
2025-09-19,22.75,2,15
2025-09-22,22.75,2,15
2025-09-23,22.75,2,15
2025-09-24,22.75,2,15
2025-09-25,22.75,2,15
2025-09-26,22.75,2,15
2025-09-29,22.75,2,15
2025-09-30,22.75,2,15
2025-10-01,28.0,2,15
2025-10-02,28.0,2,15
2025-10-03,28.0,2,15
2025-10-06,28.0,2,15
2025-10-07,28.0,2,15
2025-10-08,36.0,2,15
2025-10-09,28.0,2,15
2025-10-10,28.0,2,15
2025-10-13,36.0,2,15
2025-10-14,36.0,2,15
2025-10-15,36.0,2,15
2025-10-16,43.0,2,15
2025-10-17,36.0,2,15
2025-10-20,36.0,2,15
2025-10-21,30.75,2,15
2025-10-22,36.0,2,15
2025-10-23,36.0,2,15
2025-10-24,36.0,2,15
2025-10-27,36.0,2,15
2025-10-28,28.0,2,15
2025-10-29,28.0,2,15
2025-10-30,36.0,2,15
2025-10-31,28.0,2,15
2025-11-03,36.0,2,15
2025-11-04,35.0,2,15
2025-11-05,35.0,2,15
2025-11-06,35.0,2,15
2025-11-07,35.0,2,15
2025-11-10,43.0,2,15
2025-11-11,43.0,2,15
2025-11-12,43.0,2,15
2025-11-13,43.0,2,15
2025-11-14,43.0,2,15
2025-11-17,43.0,2,15
2025-11-18,43.0,2,15
2025-11-19,43.0,2,15
2025-11-20,58.0,2,15
2025-11-21,51.0,2,15
2025-11-24,43.0,2,15
2025-11-25,43.0,2,15
2025-11-26,43.0,2,15
2025-11-28,43.0,2,15
2025-12-01,51.0,2,15
2025-12-02,43.0,2,15
2025-12-03,43.0,2,15
2025-12-04,43.0,2,15
2025-12-05,43.0,2,15
2025-12-08,43.0,2,15
2025-12-09,43.0,2,15
2025-12-10,43.0,2,15
2025-12-11,43.0,2,15
2025-12-12,43.0,2,15
2025-12-15,51.0,2,15
2025-12-16,43.0,2,15
2025-12-17,47.5,2,15
2025-12-18,47.5,2,15
2025-12-19,39.5,2,15
2025-12-22,39.5,2,15
2025-12-23,39.5,2,15
2025-12-24,39.5,2,15
2025-12-26,47.5,2,15
2025-12-29,47.5,2,15
2025-12-30,39.5,2,15
2025-12-31,39.5,2,15
2026-01-02,39.5,2,15
2026-01-05,39.5,2,15
2026-01-06,39.5,2,15
2026-01-07,39.5,2,15
2026-01-08,39.5,2,15
2026-01-09,39.5,2,15
2026-01-12,39.5,2,15
2026-01-13,39.5,2,15
2026-01-14,34.25,2,15
2026-01-15,34.25,2,15
2026-01-16,34.25,2,15
2026-01-20,34.25,2,15
2026-01-21,44.75,2,15
2026-01-22,44.75,2,15
2026-01-23,44.75,2,15
2026-01-26,60.75,3,15
2026-01-27,60.75,3,15
2026-01-28,60.75,3,15
2026-01-29,68.75,3,15
2026-01-30,47.5,2,15
2026-02-02,47.5,2,15
2026-02-03,47.5,2,15
2026-02-04,52.75,2,15
2026-02-05,52.75,2,15
2026-02-06,52.75,2,15
2026-02-09,68.75,3,15
2026-02-10,68.75,3,15
2026-02-11,68.75,3,15
2026-02-12,52.75,2,15
2026-02-13,68.75,3,15
2026-02-17,52.75,2,15
2026-02-18,52.75,2,15
2026-02-19,52.75,2,15
2026-02-20,68.75,3,15
2026-02-23,68.75,3,15
2026-02-24,68.75,3,15
2026-02-25,68.75,3,15
2026-02-26,68.75,3,15
2026-02-27,68.75,3,15
2026-03-02,68.75,3,15
2026-03-03,68.75,3,15
2026-03-04,63.5,3,15
2026-03-05,63.5,3,15
2026-03-06,70.5,3,15
2026-03-09,70.5,3,15
2026-03-10,63.5,3,15
2026-03-11,63.5,3,15
2026-03-12,70.5,3,15
2026-03-13,70.5,3,15
2026-03-16,47.5,2,15
2026-03-17,63.5,3,15
2026-03-18,54.5,2,15
2026-03-19,47.5,2,15
2026-03-20,59.75,2,15
2026-03-23,49.25,2,15
2026-03-24,54.5,2,15
2026-03-25,54.5,2,15
2026-03-26,59.75,2,15
2026-03-27,59.75,2,15
2026-03-30,59.75,2,15
2026-03-31,54.5,2,15
2026-04-01,47.5,2,15
2026-04-02,47.5,2,15
2026-04-06,47.5,2,15
2026-04-07,54.5,2,15
2026-04-08,42.25,2,15
2026-04-09,47.5,2,15
2026-04-10,42.25,2,15
2026-04-13,42.25,2,15
2026-04-14,42.25,2,15
2026-04-15,42.25,2,15
2026-04-16,42.25,2,15
2026-04-17,42.25,2,15
2026-04-20,42.25,2,15
2026-04-21,42.25,2,15
2026-04-22,47.5,2,15
2026-04-23,47.5,2,15
2026-04-24,47.5,2,15
2026-04-27,47.5,2,15
2026-04-28,47.5,2,15
2026-04-29,47.5,2,15
2026-04-30,47.5,2,15
2026-05-01,39.5,2,15
2026-05-04,39.5,2,15
2026-05-05,39.5,2,15
2026-05-06,34.25,2,15
2026-05-07,34.25,2,15
2026-05-08,34.25,2,15
2026-05-11,34.25,2,15
2026-05-12,34.25,2,15
2026-05-13,34.25,2,15
2026-05-14,34.25,2,15
2026-05-15,34.25,2,15
2026-05-18,34.25,2,15
2026-05-19,34.25,2,15
2026-05-20,34.25,2,15
2026-05-21,34.25,2,15
2026-05-22,34.25,2,15
2026-05-25,34.25,2,15
2026-05-26,34.25,2,15
2026-05-27,34.25,2,15
2026-05-28,34.25,2,15
2026-05-29,34.25,2,15
